{
    "mse": 1.1027533770399746e+19,
    "r2score": 0.7637774243897696,
    "model": "Lasso Regression"
}