{
    "mse": 1.1122422715933565e+19,
    "r2score": 0.7617447930165514,
    "model": "Ridge Regression"
}