{
    "mse": 1.1030691592639672e+19,
    "r2score": 0.7637097801713645,
    "model": "Linear Regression"
}