{
    "mse": 1.1030691592639676e+19,
    "r2score": 0.7637097801713644,
    "model": "Linear-Regression"
}